{
   "config": {"log": "debug" },
 "source": { "file": { "path": "/orientdb/temp/artists.json" } },
  "extractor": { 
		"json": 
			{
			} 
               },
  "transformers": [
	{ "log": {}},
        { "vertex": { "class": "artists" } }
 ],
   "loader": {
    	     "orientdb": {
        		"dbURL": "remote:localhost/database/movies",
        		"serverUser": "root",
        		"serverPassword": "pwd",
		        "dbUser" : "admin",
		        "dbPassword" : "admin",
		        "dbAutoCreate": true, 
			"dbType": "graph",
        		"classes": [
		     {"name": "artists", "extends": "V"},
		     {"name": "movies", "extends": "V"},
		     {"name": "IsDirector", "extends": "E"}], 
			"indexes": [
			{"class":"artists", "fields":["_id:string"], "type":"UNIQUE" }
       ]
	
    	     		}
	    }
}
