{
  "config": {"log": "debug" },
  "source": {"file": {"path": "/orientdb/temp/movies-refs.json"}},
  "extractor": {"json": {}}, 
  "transformers": [
                   {"vertex": { "class": "movies"}},
		   {"edge": {"class": "IsDirector", "joinFieldName": "director._id", "lookup": "artists._id", "direction": "in"}},
   		   {"edge": {"class": "IsActor", "joinFieldName": "actors._id", "lookup": "artists._id", "direction": "in"}}
                  ],
  "loader": {
             "orientdb": {
                          "dbURL": "remote:localhost/database/movies",
                          "serverUser": "root",
                          "serverPassword": "pwd",
                          "dbUser" : "admin",
                          "dbPassword" : "admin",
                          "dbAutoCreate": true,
                          "batchCommit":1000,
                          "dbType": "graph",
                          "classes": [
                                      {"name": "artists", "extends": "V"},
                                      {"name": "movies", "extends": "V"},
 				      {"name": "IsDirector", "extends": "E"},
				       {"name": "IsActor", "extends": "E"}
                                     ],
                         "indexes": [
                                     {"class":"movies", "fields":["_id:string"], "type":"UNIQUE" }
                                    ]
                         }
           }
}
